,store_name,유동인구_평균_x,차선수_x,cluster,LINK_ID,lat_x,lot_x,유동인구_평균_y,lat_y,lot_y,일자,링크아이디,거리,차선수_y,01시,02시,03시,04시,05시,06시,07시,08시,09시,10시,11시,12시,13시,14시,15시,16시,17시,18시,19시,20시,21시,22시,23시,24시
19,공덕,37752,4,0,1130001800,37.545913,126.952956,37752,37.545913,126.952956,20210715.5,1130001800,1309,4,32.0125,31.59,31.665,32.325,31.825,31.8375,28.18,22.6225,17.8475,21.6475,22.6275,22.5725,24.0525,23.1,20.6475,21.8125,24.6325,26.0675,24.6625,24.8625,26.3575,26.0975,26.7025,28.855
55,논현역사거리,41326,4,0,1220027867,37.510178,127.022223,41326,37.510178,127.022223,20210715.5,1220027867,785,4,24.755,25.7025,26.9925,28.39083333,27.81083333,29.09166667,27.62333333,24.49583333,22.49916667,20.88083333,19.75916667,17.35166667,17.07083333,16.83666667,16.50416667,15.5725,14.36333333,14.04583333,11.88083333,14.96916667,18.54333333,19.92416667,19.95833333,21.67583333
64,대치삼성프라자,49688,4,0,1220024300,37.500313,127.066961,49688,37.500313,127.066961,20210715.5,1220024300,624,4,29.595,34.29,36.94,35.92,37.0275,28.63,26.1725,23.69,18.9,16.21,18.3,17.865,18.28,16.355,16.3625,15.815,14.6875,10.8725,7.8025,10.89,17.1225,18.2025,14.99,20.72
66,대치은마사거리,49688,4,0,1220022533,37.498973,127.060172,49688,37.498973,127.060172,20210715.5,1220022533,764,4,28.51,27.72916667,30.47583333,31.0925,32.41666667,32.73583333,30.5625,26.80833333,24.44416667,23.99916667,23.65833333,22.4175,22.6725,20.1675,18.48333333,17.44,17.6175,15.74333333,16.1625,19.31,22.20083333,21.955,19.26833333,24.66666667
85,마곡역,48802,4,0,1150013600,37.559611,126.826298,48802,37.559611,126.826298,20210715.5,1150013600,925,4,24.4125,24.5225,24.52,26.89,26.745,25.3075,23.8775,20.68,13.2025,11.68,15.9975,20.865,22.925,23.12,22.68,21.5025,19.2425,17.72,16.675,16.81,20.0525,21.5025,23.735,24.2075
95,목동,40547,5,0,1140035100,37.53638383,126.8785597,40547,37.53638383,126.8785597,20210715.5,1140035100,261,5,30.4725,27.825,27.87,32.5425,33.6425,29.535,26.875,29.2325,29.8925,30.44,29.88,29.345,28.97,29.37,30.335,30.445,29.0175,22.0675,21.6275,26.5225,29.445,31.545,32.2075,36.435
97,목동7단지,45627,5,0,1140023500,37.528012,126.87053,45627,37.528012,126.87053,20210715.5,1140023500,184,5,31.2275,32.8875,34.795,33.2975,27.515,34.46,34.195,33.5475,32,30.785,30.9625,32.575,32.8375,32.3925,30.9775,30.8375,30.2775,28.6925,25.1675,29.1625,31.1175,33.0075,30.075,32.1475
100,목동트라팰리스,45627,4,0,1140019600,37.5255,126.8702,45627,37.5255,126.8702,20210715.5,1140019600,188,4,35.54375,35.82125,33.9975,37.22,35.89375,33.685,26.25625,30.34625,26.65375,27.86,29.5725,30.69375,31.01875,30.4075,28.98625,28.39625,25.59375,23.6025,20.035,24.24375,28.64,31.5,29.28125,31.85875
101,목동파라곤,45627,3.5,0,1140026700,37.52947,126.874996,45627,37.52947,126.874996,20210715.5,1140026700,99.5,3.5,28.95,24.58625,23.22625,23.7,27.15125,26.53,28.14125,28.08625,27.05375,26.57,27.03625,27.49625,27.9725,27.89625,26.65,28.0975,28.32375,27.31,27.875,29.28125,26.90875,26.965,28.41375,29.19
112,발산역사거리,48802,4,0,1150001900,37.558509,126.835096,48802,37.558509,126.835096,20210715.5,1150001900,1012,4,25.6575,27.7325,25.41,27.17,26.9125,29.45,29.1325,24.395,20.705,19.135,17.9875,18.68,18.175,18.355,16.665,16.7225,16.83,15.3875,12.4325,13.565,20.1475,22.12,24.0375,25.5075
117,방이역,38011,4,0,1230023400,37.508666,127.126569,38011,37.508666,127.126569,20210715.5,1230023400,392,4,40.5075,40.905,39.6375,46.06,45.72,40.9225,38.7825,32.545,29.89,27.805,28.39,28.905,27.6675,26.26,27.77,26.745,28.9725,26.9925,26.0775,27.1225,33.4525,34.33,34.575,38.4475
118,뱅뱅사거리,36550,4,0,1220011900,37.488585,127.032415,36550,37.488585,127.032415,20210715.5,1220011900,593,4,30.7375,35.2175,32.4125,34.2425,33.4975,30.9775,30.5625,24.925,16.1575,11.64,8.6125,11.4275,18.24,19.825,19.0975,18.335,19.4025,21.4925,22.99,25.2925,25.95,26.185,26.14,27.8075
124,삼성,38899,4,0,1220026800,37.50703529,127.0555503,38899,37.50703529,127.0555503,20210715.5,1220026800,721,4,29.8275,30.5125,33.2,33.4575,33.03,34.8175,33.2225,30.9675,26.5,24.9525,22.3825,19.8425,20.9075,20.5075,19.275,19.3625,20.24,19.5,20.1,23.0925,23.4025,21.67,17.8725,21.0575
125,삼성역섬유센터R,49688,4,0,1220028050,37.50775,127.060651,49688,37.50775,127.060651,20210715.5,1220028050,622,4,21.04875,23.8025,24.73625,25.8225,27.72875,31.65625,31.80125,22.51625,18.86,16.4725,13.99375,13.29875,15.38375,14.265,12.60375,12.20375,13.08375,13.34875,15.41125,18.31125,20.22125,19.7875,16.56875,16.7425
130,상암DMC,46250,4,0,1130026500,37.577623,126.890684,46250,37.577623,126.890684,20210715.5,1130026500,198,4,27.8925,27.3425,24.4775,35.5075,32.06,23.4125,19.1125,20.865,21.76,21.585,20.925,22.1225,19.725,23.4025,21.8875,20.88,18.6275,19.0275,21.07,22.8,24.1475,25.275,28.335,28.885
143,서울대입구역,38481,4,0,1200004733,37.48118,126.951324,38481,37.48118,126.951324,20210715.5,1200004733,577.3333333,4,27.77,27.88666667,27.62166667,28.8675,28.825,28.42666667,26.05083333,21.46583333,20.69416667,20.13166667,19.3825,19.68916667,20.21666667,20.71,19.68583333,18.44666667,19.28583333,18.12833333,17.73416667,18.045,21.325,22.88,22.87333333,25.54666667
145,서울아트센터,64170,4,0,1210012400,37.480866,127.012368,64170,37.480866,127.012368,20210715.5,1210012400,640,4,43.5425,44.295,45.47,46.445,45.5875,42.5125,38.805,30.34,25.87,27.3425,26.9025,26.435,24.805,30.21,32.01,29.6925,24.8375,19.47,16.4375,17.575,22.8775,26.0475,27.695,38.4875
148,서초구청,41879,4.25,0,1210015400,37.484206,127.030103,41879,37.484206,127.030103,20210715.5,1210015400,310.75,4.25,35.343125,36.291875,38.3275,37.871875,38.64125,38.63625,35.535,28.6,25.029375,23.654375,22.80125,22.63375,25.47375,25.885,23.198125,20.789375,19.836875,19.576875,18.6925,21.80375,26.53625,28.4475,31.52375,33.77
151,서초우성사거리,41879,4,0,1220021000,37.493545,127.02943,41879,37.493545,127.02943,20210715.5,1220021000,586,4,22.1725,26.185,22.68,24.245,21.555,29.1575,27.9925,20.405,16.1975,15.6025,16.56,17.4025,13.7575,13.3975,13.47,12.0775,11.645,10.3325,9.1275,9.19,14.6625,18.725,18.66,18.7175
155,선릉동신빌딩R,38899,4,0,1220026800,37.505321,127.050409,38899,37.505321,127.050409,20210715.5,1220026800,721,4,29.8275,30.5125,33.2,33.4575,33.03,34.8175,33.2225,30.9675,26.5,24.9525,22.3825,19.8425,20.9075,20.5075,19.275,19.3625,20.24,19.5,20.1,23.0925,23.4025,21.67,17.8725,21.0575
186,신사역성일빌딩,41326,4,0,1220030667,37.514132,127.020563,41326,37.514132,127.020563,20210715.5,1220030667,579.6666667,4,24.33,25.10666667,26.09,26.43166667,26.805,30.01,29.45,24.06166667,19.90833333,14.70666667,11.43,9.015,10.40083333,9.719166667,10.86416667,12.07,10.665,13.55,14.0175,15.98416667,21.9675,25.60583333,26.08833333,24.825
205,양재강남빌딩R,36550,4,0,1220010200,37.485192,127.036685,36550,37.485192,127.036685,20210715.5,1220010200,657,4,41.51,43.0975,44.9175,45.8525,46.5475,42.8825,37.925,30.37,29.5525,28.96,27.14,25.4625,29.29,31.425,29.8075,24.225,21.2275,17.9125,17.865,25.005,32.3225,35.4675,37.4525,40.585
206,양재역,50429,4,0,1210013700,37.4820475,127.0367682,50429,37.4820475,127.0367682,20210715.5,1210013700,843,4,26.2325,25.715,26.405,25,22.6775,24.8275,26.985,23.715,19.4725,16.3025,13.925,13.9325,19.215,19.6325,19.2275,18.155,18.1475,18.46,20.33,22.58,24.1675,23.9675,22.1425,22.575
217,연세종합관,47972,4,0,1120004300,37.56177145,126.9414708,47972,37.56177145,126.9414708,20210715.5,1120004300,565,4,30.015,31.0425,30.475,32.345,33.605,32.745,34.5375,29.3325,25.8975,23.2275,21.0325,19.3525,16.31,17.04,14.8875,12.8575,10.43,9.5125,9.6,10.9725,20.6825,29.1575,31.2175,33.49
227,예술의전당,64170,4,0,1210013400,37.48115265,127.0134724,64170,37.48115265,127.0134724,20210715.5,1210013400,471,4,23.4625,26.56,28.6575,26.3975,26.5375,29.7325,28.2625,26.4475,24.8825,23.385,23.39,22.875,22.6525,24.42,24.0825,21.745,19.675,18.5525,15.0375,17.44,23.5675,24.77,25.98,22.7525
250,잠실시그마타워,37001,4,0,1230027300,37.514567,127.102493,37001,37.514567,127.102493,20210715.5,1230027300,630,4,31.3475,33.935,35.8275,38.7375,36.1725,33.09,28.4725,21.92,19.1675,19.5,19.0875,19.3875,21.1,20.615,19.63,18.1,18.78,18.78,17.7725,19.765,21.58,21.09,23.7325,26.78
253,종각,53772,4,0,1000000600,37.5699183,126.9845281,53772,37.5699183,126.9845281,20210715.5,1000000600,415,4,28.3675,31.7725,33.6325,35.685,34.3575,35.1575,32.0025,26.545,23.9125,18.365,12.0225,9.6975,9.975,11.155,9.415,9.725,11.69,17.7575,16.1125,17.91,21.755,22.9775,24.08,26.915
254,종로3가,53772,4,0,1000001100,37.5705527,126.9902055,53772,37.5705527,126.9902055,20210715.5,1000001100,393,4,20.3575,21.66,21.38,21.9025,23.895,25.7975,24.5575,20.2725,17.0575,19.2675,18.7575,19.135,17.7125,17.8725,15.9525,15.225,14.615,14.565,13.3225,15.1775,18.84,21.245,18.895,17.8475
255,종암,39291,4,0,1070010400,37.601095,127.033847,39291,37.601095,127.033847,20210715.5,1070010400,1205,4,20.615,21.1625,20.9925,20.815,21.84,23.9175,24.9075,24.275,22.5725,20.4975,18.4425,15.58,13.8325,13.725,15.1375,14.0875,11.5,10.0425,9.85,11.0225,16.7425,24.305,20.9775,18.135
263,천호대로길동,51131,5,0,1240000400,37.534651,127.13721,51131,37.534651,127.13721,20210715.5,1240000400,407,5,26.77,30.3075,32.5875,35.2,38.1625,34.335,31.8,27.0425,22.5475,21.8775,22.9825,22.275,22.1475,21.735,18.6225,17.9575,17.9275,20.2825,21.3825,23.3825,26.2625,27.675,27.2675,28.115
272,포스코사거리,35255,4,0,1220028050,37.5075307,127.0574271,35255,37.5075307,127.0574271,20210715.5,1220028050,622,4,21.04875,23.8025,24.73625,25.8225,27.72875,31.65625,31.80125,22.51625,18.86,16.4725,13.99375,13.29875,15.38375,14.265,12.60375,12.20375,13.08375,13.34875,15.41125,18.31125,20.22125,19.7875,16.56875,16.7425
256,종암DT,39291,4,0,1070007533,37.5919525,127.0360401,39291,37.5919525,127.0360401,20210715.5,1070007533,203,4,36.71083333,36.67833333,37.02833333,36.80833333,36.62166667,35.81583333,31.68083333,25.75083333,19.71666667,21.61,24.69583333,28.0475,28.46916667,27.50083333,27.75916667,28.07166667,27.91916667,26.94666667,25.79083333,26.50416667,28.81333333,29.02166667,29.60666667,32.8625
